epoch,acc_avg,acc_cell_type:HEPG2,count_cell_type:HEPG2,acc_cell_type:HUVEC,count_cell_type:HUVEC,acc_cell_type:RPE,count_cell_type:RPE,acc_cell_type:U2OS,count_cell_type:U2OS,acc_wg
0,0.0014771048445254564,0.0044843051582574844,446.0,0.0,955.0,0.002217294881120324,451.0,0.0,179.0,0.0
1,0.0014771048445254564,0.0,446.0,0.0010471204295754433,955.0,0.002217294881120324,451.0,0.005586592014878988,179.0,0.0
2,0.0009847366018220782,0.0,446.0,0.0010471204295754433,955.0,0.0,451.0,0.005586592014878988,179.0,0.0
3,0.003938946407288313,0.0022421525791287422,446.0,0.00314136128872633,955.0,0.004434589762240648,451.0,0.011173184029757977,179.0,0.0022421525791287422
