epoch,acc_avg,acc_cell_type:HEPG2,count_cell_type:HEPG2,acc_cell_type:HUVEC,count_cell_type:HUVEC,acc_cell_type:RPE,count_cell_type:RPE,acc_cell_type:U2OS,count_cell_type:U2OS,acc_wg
0,0.0004923683009110391,0.0,475.0,0.001038421643897891,963.0,0.0,420.0,0.0,173.0,0.0
1,0.0009847366018220782,0.0,475.0,0.002076843287795782,963.0,0.0,420.0,0.0,173.0,0.0
2,0.0019694732036441565,0.0042105261236429214,475.0,0.002076843287795782,963.0,0.0,420.0,0.0,173.0,0.0
3,0.004431314766407013,0.0063157896511256695,475.0,0.0031152646988630295,963.0,0.0071428571827709675,420.0,0.0,173.0,0.0
